,fct_name
0,cblas_sdsdot
1,cblas_dsdot
2,cblas_sdot
3,cblas_ddot
4,cblas_cdotu_sub
5,cblas_cdotc_sub
6,cblas_zdotu_sub
7,cblas_zdotc_sub
8,cblas_snrm2
9,cblas_sasum
10,cblas_dnrm2
11,cblas_dasum
12,cblas_scnrm2
13,cblas_scasum
14,cblas_dznrm2
15,cblas_dzasum
16,cblas_isamax
17,cblas_idamax
18,cblas_icamax
19,cblas_izamax
20,cblas_sswap
21,cblas_scopy
22,cblas_saxpy
23,cblas_dswap
24,cblas_dcopy
25,cblas_daxpy
26,cblas_cswap
27,cblas_ccopy
28,cblas_caxpy
29,cblas_zswap
30,cblas_zcopy
31,cblas_zaxpy
32,cblas_srotg
33,cblas_srotmg
34,cblas_srot
35,cblas_srotm
36,cblas_drotg
37,cblas_drotmg
38,cblas_drot
39,cblas_drotm
40,cblas_sscal
41,cblas_dscal
42,cblas_cscal
43,cblas_zscal
44,cblas_csscal
45,cblas_zdscal
46,cblas_sgemv
47,cblas_sgbmv
48,cblas_strmv
49,cblas_stbmv
50,cblas_stpmv
51,cblas_strsv
52,cblas_stbsv
53,cblas_stpsv
54,cblas_dgemv
55,cblas_dgbmv
56,cblas_dtrmv
57,cblas_dtbmv
58,cblas_dtpmv
59,cblas_dtrsv
60,cblas_dtbsv
61,cblas_dtpsv
62,cblas_cgemv
63,cblas_cgbmv
64,cblas_ctrmv
65,cblas_ctbmv
66,cblas_ctpmv
67,cblas_ctrsv
68,cblas_ctbsv
69,cblas_ctpsv
70,cblas_zgemv
71,cblas_zgbmv
72,cblas_ztrmv
73,cblas_ztbmv
74,cblas_ztpmv
75,cblas_ztrsv
76,cblas_ztbsv
77,cblas_ztpsv
78,cblas_ssymv
79,cblas_ssbmv
80,cblas_sspmv
81,cblas_sger
82,cblas_ssyr
83,cblas_sspr
84,cblas_ssyr2
85,cblas_sspr2
86,cblas_dsymv
87,cblas_dsbmv
88,cblas_dspmv
89,cblas_dger
90,cblas_dsyr
91,cblas_dspr
92,cblas_dsyr2
93,cblas_dspr2
94,cblas_chemv
95,cblas_chbmv
96,cblas_chpmv
97,cblas_cgeru
98,cblas_cgerc
99,cblas_cher
100,cblas_chpr
101,cblas_cher2
102,cblas_chpr2
103,cblas_zhemv
104,cblas_zhbmv
105,cblas_zhpmv
106,cblas_zgeru
107,cblas_zgerc
108,cblas_zher
109,cblas_zhpr
110,cblas_zher2
111,cblas_zhpr2
112,cblas_sgemm
113,cblas_ssymm
114,cblas_ssyrk
115,cblas_ssyr2k
116,cblas_strmm
117,cblas_strsm
118,cblas_dgemm
119,cblas_dsymm
120,cblas_dsyrk
121,cblas_dsyr2k
122,cblas_dtrmm
123,cblas_dtrsm
124,cblas_cgemm
125,cblas_csymm
126,cblas_csyrk
127,cblas_csyr2k
128,cblas_ctrmm
129,cblas_ctrsm
130,cblas_zgemm
131,cblas_zsymm
132,cblas_zsyrk
133,cblas_zsyr2k
134,cblas_ztrmm
135,cblas_ztrsm
136,cblas_chemm
137,cblas_cherk
138,cblas_cher2k
139,cblas_zhemm
140,cblas_zherk
141,cblas_zher2k
